{
  "anim_proc_face_test_02": [
    {
      "Name": "ProceduralFaceKeyFrame",
      "faceScaleY": 1.0,
      "scanlineOpacity": 1.0,
      "faceScaleX": 1.0,
      "leftEye": [
        8.107326060759803,
        4.183020723794186,
        1.5174507300664741,
        0.5330347491598693,
        0.0,
        0.6,
        0.6,
        0.6,
        0.6,
        0.6,
        0.6,
        0.6,
        0.6,
        0.21728454864039737,
        0.0,
        0.0,
        0.0,
        0.0,
        0.0,
        1,
        1.0,
        0.0,
        0.3114308532088395,
        0.0,
        0
      ],
      "faceAngle": 0.0,
      "durationTime_ms": 0,
      "faceCenterY": 0.0,
      "faceCenterX": 0.0,
      "rightEye": [
        -7.315991464547729,
        4.183020723794186,
        1.5174507300664741,
        0.5324034036804466,
        0.0,
        0.6,
        0.6,
        0.6,
        0.6,
        0.6,
        0.6,
        0.6,
        0.6,
        0.0,
        0.0,
        0.0,
        0.25493112707577215,
        0.0,
        0.0,
        1,
        1.0,
        0.0,
        0.3114308532088395,
        0.0,
        0
      ],
      "triggerTime_ms": 0
    },
    {
      "Name": "ProceduralFaceKeyFrame",
      "faceScaleY": 1.0,
      "scanlineOpacity": 1.0,
      "faceScaleX": 1.0,
      "leftEye": [
        8.107326060759803,
        0.0,
        1.5174507300664741,
        1.1453089027930028,
        0.0,
        0.6,
        0.6,
        0.6,
        0.6,
        0.39951774507531257,
        0.6,
        1.195959595825043,
        0.6,
        0.0,
        0.0,
        0.0,
        0.0,
        0.0,
        0.0,
        1,
        1.0,
        0.0,
        0.0,
        0.0,
        0
      ],
      "faceAngle": 0.0,
      "durationTime_ms": 0,
      "faceCenterY": 0.0,
      "faceCenterX": 0.0,
      "rightEye": [
        -7.315991464547729,
        0.0,
        1.5174507300664741,
        1.144941064931666,
        0.0,
        0.6,
        0.6,
        0.6,
        0.6,
        1.1920088826919892,
        0.6,
        1.195959595825043,
        1.1887067893431866,
        0.23129121457455115,
        0.0,
        0.013634668878199736,
        0.0,
        0.0,
        0.0,
        1,
        1.0,
        0.0,
        0.0,
        0.0,
        0
      ],
      "triggerTime_ms": 660
    },
    {
      "Name": "ProceduralFaceKeyFrame",
      "faceScaleY": 1.0,
      "scanlineOpacity": 1.0,
      "faceScaleX": 1.0,
      "leftEye": [
        -5.286000426527323,
        -16.1696140479323,
        1.5174507300664741,
        1.1453089027930028,
        0.0,
        0.6,
        0.6,
        0.6,
        0.6,
        0.39951774507531257,
        0.6,
        1.195959595825043,
        0.6,
        0.0,
        0.0,
        0.0,
        0.0,
        0.0,
        0.0,
        1,
        1.0,
        0.0,
        0.0,
        0.0,
        0
      ],
      "faceAngle": 0.0,
      "durationTime_ms": 0,
      "faceCenterY": 0.0,
      "faceCenterX": 0.0,
      "rightEye": [
        5.9154749092203645,
        -20.094581079685057,
        1.5174507300664741,
        1.144941064931666,
        0.0,
        0.6,
        0.6,
        0.6,
        0.6,
        1.1920088826919892,
        0.6,
        1.195959595825043,
        1.1887067893431866,
        0.23129121457455115,
        0.0,
        0.013634668878199736,
        0.0,
        0.0,
        0.0,
        1,
        1.0,
        0.0,
        0.0,
        0.0,
        0
      ],
      "triggerTime_ms": 1353
    },
    {
      "Name": "ProceduralFaceKeyFrame",
      "faceScaleY": 1.0,
      "scanlineOpacity": 1.0,
      "faceScaleX": 1.0,
      "leftEye": [
        -5.286000426527323,
        -16.1696140479323,
        1.5174507300664741,
        1.1453089027930028,
        1244.926281434842,
        0.6,
        0.6,
        0.6,
        0.6,
        0.39951774507531257,
        0.6,
        1.195959595825043,
        0.6,
        0.0,
        44.21589821808014,
        0.0,
        0.0,
        -44.21589821808014,
        0.0,
        1,
        1.0,
        0.0,
        0.0,
        0.0,
        0
      ],
      "faceAngle": 1244.926281434842,
      "durationTime_ms": 0,
      "faceCenterY": 0.0,
      "faceCenterX": 0.0,
      "rightEye": [
        5.9154749092203645,
        -20.094581079685057,
        1.5174507300664741,
        1.144941064931666,
        1244.926281434842,
        0.6,
        0.6,
        0.6,
        0.6,
        1.1920088826919892,
        0.6,
        1.195959595825043,
        1.1887067893431866,
        0.23129121457455115,
        44.21589821808014,
        0.013634668878199736,
        0.0,
        -44.21589821808014,
        0.0,
        1,
        1.0,
        0.0,
        0.0,
        0.0,
        0
      ],
      "triggerTime_ms": 2244
    }
  ]
}